address,true_label,predicted_label
Vishwakarma Industrial Estate F-1Near Nh8 Pipodara Surat Surat Gujarat 394110,commercial unit,others
Suwasara ( Suwasra Mandi ) New Aabadi Road Gf And Ff Lsn. 946/1/2/Min 2 Phn. 20 Ward No.15 Runija Road Suwasara Mandsaur Madhya Pradesh Mandsaur 458888,others,flat
"Milkat No 0355 Gaikwad Nivas,-,Khadak Mala Aali,Khadak Mala Chouk,Hivare,Near Mhasoba Mandir,Purandhar,Maharashtra,412301",houseorplot,landparcel
"1-248/A, Velama Veedhi,Srikurmam,Gara Mandalam,Srikakulam-532404,Andhra Pradesh",houseorplot,others
"413/412/106,8586,4Th Cross Shanthinagar,Shanthinagar,Shivamoggga,Ragigudda Main 
 Road,Shimoga,Karnataka,577201",houseorplot,others
"D No 1/4,Ward No 1 Goriganuru Village Field & Panchayath, 1/4 Near Village Clinic",houseorplot,others
"Unit-16 Somnath Villa Plot Fp4/1+36+132,S No 140,166214(Old Rs 147/P,125,163),Tp95Nrvrundavanbunglowsvivekanadnagar Bypass,Geratpur Ahmedabad 382435 Gujarat",houseorplot,flat
"Utkarsh Plot Woner Chsl, Plot No. 40B Of Village Bandate, Kelva East, Taluka Palghar, District Palghar 401401",flat,houseorplot
"Unit-E-01 Sanskruti Paradise S No 521/1 & Other ,Grampigdamber,Patwari Halka No.1Survey No.,Teh Mhow Districtindore Indore 452001 Madhya Pradesh",flat,others
Khasra No -21 Situated At Archana Enclave Khora Colony The Dadri Distt Ghaziabad Up 201309,houseorplot,landparcel
03 Sy No 37/1 47/3 Sadenahalli V Sadenahalli V Bangalore,houseorplot,landparcel
Property Situated At Gata No. 299 Village- Karimnagar Pargana- Mansoornagar Tehsil- Shahabad Disst. Hardoi Up,others,landparcel
No 263 Krishnan Kovil Street Beema Nagar K.Abishekapuram Village Tiruchirappalli Taluk Pushpakani Home Nearby Srisedalmariyamantemple,others,houseorplot
Arazi No 16 Sa Tappa Kadar Tehsil Basti Distt Basti Mauza Baderiya Bujurg Nearby Hadiya Chauraha Basti,houseorplot,landparcel
"Unit-48-A-F-278/545-Sabarmati-Apt Sfs Year 51 Sector-209,Pratap Nagar Jaipur 302020 Rajasthan",flat,others
"New Survey No. 281, Old Survey No. 34, Mouje Rentlav, Sub Dist. Pardi,
 Dist. Valsad., New Survey No. 281, Near Hanumanji Temple, Udwada Station To Kalsar
 Char Rasta, Valsad, Retlav Udwada, Pardi",houseorplot,landparcel
"Unit-09-Royal-Residency,Near-Kre-Arihant Revenue Village Dabok S No Udaipur,Airport Road,Chittaurgarh Road Udaipur-Rj 313001 Rajasthan",flat,others
"Mauza Harchandpur, Pragana Haweli, Thana Jalalgarh, Thana No 165, Tauzi No 8/5, R.S Khata No 131, R.S Khesra No 1229 Dist. Purnea, Bihar, Pin 854327 Harchandpur, P.O. P.S. Jalalgarh,Ward No 05 Near T.V.S Show Room",others,houseorplot
"Unit-5 Aum Duplex S.N.267/1,267/2, F.P.386B/S Ramanand Duplex ,Nr.Madhav Park,Darbar Crossingmanjalpur ,Vadodara Vadodara 390011 Gujarat",houseorplot,others
"Unit-303 Minaxi Greens S No 8173/870,B/H Srp Townshipb/H Gidc Lunawada Road, Godhra Godhra 389001 Gujarat",others,flat
"D, 4, Lindsay Street, New Marke, Lindsay Street, New Market, Unit -D , Floor-4Th, Premi4Ses No 12/1 Lindsay Street, Police Station New Market Kolkata 700087 In Ward 63, Floor-4Th Unitd, Premi4Ses No 12/1 Lindsay Street, Police Station N, Opposite Of Manyavar Showroom, Lindsay Street, New Market, Kolkata , Calcutta, Dharamtala, New Market, Kolkata, West Bengal, 700087",commercial unit,flat
A 1/75 Near Deepali Chowk Sec-8 Rohini Delhi,flat,others
"Araji No. 384 Area 1.787 Hectare Out Of Which 16.52 Kari Or 66.91 Sq. Mtr. Only Situated At Village– Chhitauni Khas,Pargana Atarauliya Tehsil-Burhanpur, Distt-Azamgarh U.P.",landparcel,houseorplot
"Mauza Harchandpur, Pragana Haweli, Thana Jalalgarh, Thana No 643, Tauzi No 566/209, R.S Khata No 273, R.S Khesra No 3282 Dist. Purnea, Bihar, Pin 854327 Harchandpur, P.O. P.S. Jalalgarh,Ward No 29 Near T.V.S Show Room",others,houseorplot
Property No.912/F-324 Pid No 1402728558 Ward No 462 Apmc Yard Davangere Property No.221/F-92 Pid No 1402728558 F Block Apmc Yard Davangere,commercial unit,others
"Duplex-B/646 Darshanam Sanidhya S No 953,290,B/H Narayanwadirestaurant,Between Vrajdham &Pramukhnand,Atladra Vadodara 390012 Gujarat",flat,others
"Unit-15,16 Mahaa Vishnu Nagar S No 798/2,798/3,799/1,799/2B812,S.F.No798/2,798/3,799/1799/2B,812, Gudalur Village Coimbatore 641047 Tamil Nadu",flat,others
"Residential Patta No. 665 , Book No. 732
 At Gram- Charachha , Gram Panchayat- Anoppura , Teh. Begun, Distt.
 Chittorgarh (Raj.)
 Sub- Registrar- Begun , Distt. Chittorgarh (Raj.)",others,landparcel
38&39Durga Enclave Durga Enclave Agra Agra Agra Agra Uttar Pradesh 282001,landparcel,others
"Unit No. 929, 9Th Floor Sector-49 Spaze I Tech Park Sector-49",houseorplot,flat
"Unit-25-2 Shree Villa (Block No - 34/1) S No 33/1, 34/1,Nr. Narnarayan Residency,Nr. Happyresidency,,Waghi Road,Andadaankleshwar Ankleshwar 393010 Gujarat",flat,others
"Mauza Harchandpur, Pragana Haweli, Thana Jalalgarh, Thana No 720, Tauzi No 499/335, R.S Khata No 463, R.S Khesra No 6065 Dist. Purnea, Bihar, Pin 854327 Harchandpur, P.O. P.S. Jalalgarh,Ward No 336 Near T.V.S Show Room",others,houseorplot
"Near D. No. 1-2-134, Grama Kantam S.No.29, Akkireddypalem Village, Gajuwaka Mandal, Gajuwaka Sro, Gvmc Limits, Visakhapatnam- 530012.",landparcel,houseorplot
"Unit/ Space No. G-395, Ground Floor Without Roof/ Terrace Rights Community Centre, Road No. 491, Netaji Subhash Place, Pitampura, S, P.P. City Centre, Plot No. 224 Nearby M2K Cinema",commercial unit,flat
"1706 4A Elara Chs, Jp North Elara Mira Road Thane 401207",flat,others
"Pancharatna Hotel , Gat No 115, Tasgaon, Sangli,",commercial unit,houseorplot
"Abadi Land Khasra No. 314/1, P.H.No. 07, Village Rohna, Tehsil Narmadapuram , Dist. Narmadapuram (M.P.) 461001",houseorplot,landparcel
"Sf No 228/4, Patta No 33, Kaspa Kunnam Village, Kunnam Taluk, Veppur Sro, Perambalur, Perambalur, Tamil Nadu,
  India, 
  609108",landparcel,houseorplot
"Unit-154-Middle-Part Greater Ratan Avenue Extension S No 1681,1682/2,1683/1,1684/11685/1,Kasba Ujjain, Ujjain Ujjain 456006 Madhya Pradesh",flat,others
Apartment No S 10 Second Floor Godawari Estate Plot No 6 To 38 1 To 7 Corporation House No 1551 G E S 310 Ward No 75 Kh No 68 1 68 2 72 1 72 2 Sheet No 755 City Survey No 131 195 Tukaram Kachore Patil Nagar Mouza Chinchbhuwan Wardha Roadtahsil District Nagpur 440010 Godavari Estate Mseb Office Chinchbhavan,flat,commercial unit
"Patta No:283,Old Sr No:203/21,New Sr No:433/28,Sirukalathur Village,Cheyyur Taluk,Kancheepuram Distrct.603401",houseorplot,landparcel
"Unit-877-A-F-360/592-Sabarmati-Apt Sfs Year 933 Sector-477,Pratap Nagar Jaipur 302020 Rajasthan",flat,others
All That Pieces And Parcels Of Immovable Property Comprising Of Residential Tenement (Quarter) Constructed On Land Admeasuring About 40-01 Sq. Mt. Of Plot No. 218 Of The Scheme Named As 200-E.W.S. Of Gujarat Housing Board Lying And Situated At Revenue Survey No. 352 Paiki Of Village Kothariya Of Rajkot City-Taluka And District,flat,houseorplot
"D No 2-43/3/5/5/D2 Residential Area, Chinthakunta, Koilakuntla Gp & Mandal , Ward No 02, Rangarajupeta, Sowdardinne Rastha Near Govt Degree College",houseorplot,landparcel
Gpno 66/E Rdpr No 151300200900400105 At Belegali Village Tq Hubballi Dist Dharwad,others,houseorplot
"Bunglow-A-77 Prathna Bungalows Prabhat (Saraspur) Chs Ltd.,Rs - 162,164,165,166,167/A,Rs-167/B, 180/B, Tps-16, Fp-81Opp. Ambedkar Hall,Saraspur Ahmedabad 380018 Gujarat",houseorplot,others
Plot No 29 Sadashree Niwas Fine Living Housing Society Near Golden Jubilee School Jalna-431203,flat,houseorplot
Varigonda Tp Gudur Nellore City Dist - Andhra Pradesh,others,houseorplot
Sco No 108 Chandigarh Sector 47C Nr Mkt,others,commercial unit
"S.No - 730/5, 628/1A1A1A, Old T.S.No - 55/1B, New T. S. No - 55/4C, T.Ward No - 'D', Block No - 15, D. No - 940A, B, C, D & E, Periyakaruppan Nadar Street, 1St Street, Old Virudhunagar Road, Byepass Road, Sivakasi Village, Sivakasi Town, Sivakasi Municipality, Sivakasi Town, Sivakasi Municipality, Sivakasi Taluk, Virudhunagar District - 626 189. Sivakasi Sro",flat,houseorplot
"Dag No. 963/5624(O)/5291(N) Of Patta No. 772(O)/1587(N) Rev Village : Jatia, Mouza : Beltola, Rev Circle : Dispur, District :Kamrup(M), Assam",others,landparcel
"Godown No 909, Amlgamated Plot/ S No 969,Cs Sheet No 274 Kiran Estate, Khamdhrol Road,Nr Vijay Food Namkin Majevadi",commercial unit,houseorplot
"Unit-I-368-348,Floor-6 M3M Soulitude Phase 712 S No Rect No-205//Killa No-339/999/634,Sector 360,Village Hayatpur Gurgaon 122001 Haryana",others,flat
"Survey Number : Sn 121/3, Situated At Plot No. 29 Out Of Sn 121/3 Cts No. 8274 Bearing Mch No. 27/2711 Old 34/1980 New Kakade Plot Situated At Shahu Nagar, Kakade Plots Within Municipal Corporation Limits Osmanab Kakade Plot",commercial unit,houseorplot
904 Sy No 865 Ssr Signature Gardenia Ssr Signature Gardenia Bangalore East Taluk Bangalore,flat,others
"In Dindigul District,Dindigul Registration District, Sanarpatti Sub Registration District, Dindigul East Taulk, T.Panjampatti Village, Kosavapatti, Old, S.No.241/1, New S.No.559/13,",landparcel,houseorplot
"Gat Number 4, Malmatta Number 90, A/P Rohkal Tal Paranda District Dharashiv",houseorplot,others
"D.No:4/122,Sf No:21 Sivan Kovil Street Sulur Selakarachal Village Opposite To Matha Amman Kovil",houseorplot,landparcel
"C-3/1, Midc Gokul Shirgaon M.I.D.C Gokhal Sirgaon",houseorplot,others
"Shed No. L-6566-826 Gidc, Ankleshwar, Mouje. Piraman, R.S No. 762/P, Tal.
 Ankleshwar, Dist. Bharuch.",others,commercial unit
C1 Saranya Avenue Phase Ii Asthinapuram Village Chennai,flat,others
"Cs No 197, 3 B 7, Plot No 7, Gurumauli Banglow, Near Ware House, Sangam Housing Society Miraj, Sangli, Sangli, Maharashtra,
  India, 
  416416",flat,houseorplot
"No. 18/A, The Bagalgunte Hbcs Layout Assessment No. 9/1, Katha No. 679, Laggere Village, Yeshwanthpura Yeshwanthpura",landparcel,houseorplot
"Arazi No 425, Arazi No 352Na Na Arazi No 418, Arazi No 833 Jaunpur Jaunpur Uttar Pradesh 222002",others,landparcel
"Plot No. 05 (As Per Plan), Shree Gaurav Co. Operative Housing Society Limited, Near Panigate Darwaza, Panigate Road, Panigate, Vadodara, 390001.",flat,houseorplot
"D No 3/263 & 3/264 Rsno 960/6A1 & 960/5Abatlagundu Village, Kattakamanpattipanchayat, Nilakottai Taluk,",houseorplot,landparcel
"Pancharatna Hotel , Gat No 13, Tasgaon, Sangli,",commercial unit,houseorplot
"S No 52/2 52/3 53/5 53/7 53/9Site 56/3,Khatta 533/59/2/56/3Epid 1299547539Doddabommasandra Villageyelahanka Hobli Bangalore Bengaluru 560097 Karnataka",landparcel,houseorplot
"Cmc #388, 5Ht And 6Ht Floor Goldhill Squre Software Park,Bommanahali,Begur Hobli,, Bangalore Rural-19 881",commercial unit,flat
Kh No 493/12 Plot No 05 Kh No 493/12 Plot No 05Abis Factory 0 Rajnandgaon Rajnandgaon Rajnandgaon Rajnandgaon Rajnandgaon Chhattisgarh 491441,landparcel,houseorplot
"Old Door No.2-93,New Door No.5-93 Ground Floor R.S.No.1177-1A Near Sbi Bank Chintalapudi West Godavari Andhra Pradesh Eluru 534460",houseorplot,flat
Dhansuh Villa 144Jahangirabad Near D Mart Surat Surat Gujarat 395005,houseorplot,flat
20 Uma Greenland 20Ghatlodia Sola Ahmedabad Ahmedabad Gujarat 380060,others,flat
"A 305, Solitaire Sky, Near Pushkar Hill, Odhav Industrial Estate, Odhav, Ahmedabad, Gujarat,
  India, 
  382415",flat,others
2 Storied Building Holding No 66 Land 2 Kattah Chinsurah 16 Jtp Road Mahalla Hooghly,flat,houseorplot
"S.No.23/2, Rosalpatti Village, Virudhunagar District",landparcel,houseorplot
Vimal Nivas Head Post Office Road Jalna Jalna Jalna Maharashtra 431203,houseorplot,commercial unit
"# 284-E Block, Sbs Nagar, Ludhiana Plot No. 284-E, Khasra No. 64//15/1, Khata No. 1739/1884 Pakhowal Road, Near Police Chowki Saheed Bhagat Singh Nagar",flat,houseorplot
"Duplex-177 Rang Upvan S No Rs No.35/1+2+3 & 36/P,Rs35/1+2+3 & 36/P ,Opp. Videoconrahadpore,Chavaj Road Bharuch 392001 Gujarat",houseorplot,flat
"Unit-324,Floor-3 Zirakpur Bazaar S No 34//2/3/2Chandigarh-Ambala Highway,Village Bhabat S.A.S Nagar 160003 Punjab",others,flat
"Mouza-Nagpur,Division No.870,Circle No.591/48,Sheet No.799,Cts No.446,Wardno.579 Uni Mangalwari Maharpura,Corporation House No.857,(Junagharno.708) Juni Mangalwari,Gangabai Ghatroad,Near Tathagat Boudhhavihar, Tah. & Dist. Nagpur- 440008.",others,houseorplot
G-47 Excult Shoppers Nr Siddhi Vinayak Temple Excult Shoppers Surat,commercial unit,others
B 204 Fp 110 126 Tps 405 B Ivory Orchards 2 Ivory Orchards Nr Taj Skyline Sindhubhavan Extention Road Ahmedabad,flat,others
G-956 Excult Shoppers Nr Siddhi Vinayak Temple Excult Shoppers Surat,commercial unit,others
"Unit-N-952 Goverdhan Das Kalla Awasiya Yojna S No Jaisalmer,Near Jethwairoad, Kh Nos 458 277 631 168175 920 586 316 Of Jaisalmer Jaisalmer 345001 Rajasthan",flat,others
"Unit-229-27D,Floor-Third Ps Sansara Tower-335 S No Premises-289,Acharya Tulsimarg (Salkia School Road)H.M.C. Ward-410,Mouza &P.S.-Golabari, Jl No.71 Howrah 711101 West Bengal",others,flat
"Nananahouse No. 10-M-25 Rc Vyas Nagar Bhilwara, 10-M-25, Near Sundar Vatika, Rc Vyas Nagar, Bhilwara, Bhilwara, Bhilwara, Bhilwara, Rajasthan, 311001",houseorplot,others
"9, Basana Nagar Society, Plot No 9 Rs No 1064 Mouje Mehsana Taluka Mehsna District Mehsana,
 9, Mehsana, Manav Ashram Road, Chokadi, Mehsana",flat,houseorplot
"Spriha M 70, 5, M/70/0505, Sukhobrishti (Phase-Vi),
  Plot No�E1 & E2, Action Area�Iii (Iiie 1 & Iiie2), Newtown, Rajarhat,Dist N 24 Pgs, Kolkata � 700135, Na,
  Na, Near To Pathar Ghata Bus Stop And Elita Garden Vis, Kolkata, 
  West Bengal-700135,
  
  India700135",flat,houseorplot
"Khassra38//12/2-----38//27(1-2)Village Kakko,Tehsilhoshiarpur,District Hoshiarpurhouse In Hoshiarpur 146001 Punjab",houseorplot,others
"322 Chavlaj , Ta Daskroi , Dist Ahmedabad",houseorplot,others
"Plot No 11/P S/S, H No 9-665/4, Plot No 10/P N/S Ground Floor Sy Nos 312,313,314 Parts Nagaram Village And Municipality, Keesara Mandal Medchal-Malkajgiri District Ward No 9, Medchal Malkajgiri, Hyderabad, Telangana,
  India, 
  500083",houseorplot,flat
"29/1A4A
 Irimbiliyam
 Valanchery
 Tirur
 Malappuram",landparcel,others
"Industrial Building Situated At Plot No-213/1, G.I.D.C Sihor-2, Ghanghali-Sihor Road, Vil- Ghanghali, Tal-Sihor, Dis-Bhavnagar (Guj)",commercial unit,houseorplot
3.04 Ares Rs N 2952/15-A-4-1-5 Kizhuvalam Village Chirayinkeezhu Taluk Kizhuvalam Thiruvananthapuram,landparcel,others
"In Araji No. 1889/2381 At Bhanwar M,At Ji Dist - Pratapgarh 312604 Village- Chhoti Sadri Bhanwar Mata Road",others,houseorplot
"897 44 Subhadra Palace Subhadra Palace 633/418,870/335,889/4503Near Bomikhal Bhubaneswar Khordha Bhubaneswar Odisha 751010",flat,others
"Khata No-112(O),295(N), Khesra No-1808(O),16(N), Mauza Aranagar, Thana Ara, Thana No.-237, Anchal-Ara, Dist.-Ara, State?Bihar, Pin-802301. Mohalla- Karman Tola Mehra Road, Po-Ara, Ps- Nawada, Dist?Bhojpur, Bihar, Pin-802301 Khata No-112(O),295(N), Khesra No-1808(O),16(N), Mauza Aranagar, Thana Ara, Thana No.-237, Anchal-Ara, Dist.-Ara, State?Bihar, Pin-802301. Near Vishal Megamart",landparcel,houseorplot
78 Banjara Hills Kovaipudur Coimbatore South Coimbatore Santhosh Illam Near Water Tank,houseorplot,others
Milkat No 150 Ghotavade Tal Panhala Dist Kolhapur,others,houseorplot
"Gp Malmatta No 281/A , Ward No 3, Area Known As Zopad Pati, Near Jagadamba Mata Temple, Swargaon Purangad
 Road, Within Gp Limit Of Sawargaon, Tq. Jalgaon Jamod, Dist. Buldhana 443402",landparcel,houseorplot
Unit-44 Panchwati Colony Talwali Chandaa.B.Road Indore 453771 Madhya Pradesh,houseorplot,others
"M C No B Xxi Khasra Number 32 , Khata Number 286/368 7575/ 11 C Abadi New Amar Nagar , 265-1/2 Sq Yds Nr Merry Mint Public School",houseorplot,landparcel
"Godown No 22, Amlgamated Plot/ S No 24,Cs Sheet No 25 Kiran Estate, Khamdhrol Road,Nr Vijay Food Namkin Majevadi",commercial unit,houseorplot
"Residential Property Patta No. 4604 Situated At, Gram Panchayat-
 Bagidora, Panchayat Samiti-Mandalgarh, Dist.-Bhilwara 311802",houseorplot,landparcel
"2/490, Diwanji Wadi, Ward No-2, City Survey No-490, 2/490, Diwanji Wadi, Rustampuara",others,landparcel
"S No 47, Plot No 157/158, 159/5, Gaurinandan Residency, Row Bunglow No 5, Sainagar Tapovan Road, Burhanagar, Ahmed Nagar, Maharashtra,
  India, 
  414003",flat,houseorplot
"Survey No. 313/1/7/3/1, P.H. No. 17, Village Tejpur Gadbadi, Tehsil Rau (Old Indore) & Distt.
 Indore. (M.P.) Indore ,Indore,Madhya Pradesh - 452001",houseorplot,landparcel
"C.T.S. No. 202,Mouje Vasad, District And Sub-District Of Anand",landparcel,houseorplot
"Survey No. 307, ,, Tehsil&Dist. Banswara R.J 327001, Gram Masotiya, Banswara, Banswara, Rajasthan, India, 327023",landparcel,houseorplot
"7527 18 Samata Nagar, Watane Lawn Road,Washim Ground Floor Cts.No. (1587/1 ,As Per Pr Card) ,Cts.No. (13 ,As Per Assesment),Sheet No. 15 Mouje Washim Tq And Dist Washim Ward No.W11, Zone No 1 Behind Daulat Complex Washim Washim Maharashtra Washim 444505",flat,commercial unit
"Property No. B-260-292, Khewat No. 218, 790, 648/31, Khatoni No. 183, 52 57 784, Khasra No. 35R/804(699-818), 209//796, Wakea- Mohalla Partap Nagar, Qadian Parampreet Clinic",commercial unit,houseorplot
"Plot No. G2/114 Plot No. G2/114,2Nd Floor W/O Roof Sec 16 Sector 16,Pocket G2, Rohini 2 Rohini Sector 16,Pocket G2, Rohini Delhi",houseorplot,flat
Ward No 494 Nondh No 1529/K/607 325 Silky House Malini Wadi Piprdi Sheri Salabatpura Surat Opp Bhanawala Appartment 314 Silky House Opp Bhanawala Appartment,others,houseorplot
"Address:D, 1, Suraj Apartment , Na, Comprised In Paimash No 512 And 513, Old Survey No.178/8A,1A,1A,1A,1C
 As Per Old Patta No.494, Survey No.178/79, As Per Current Patta No.12338, Survey No.178/79A2 Of Madipakkam
 Village, Sholinganallur Taluk, Kancheepuram District. , 8A And 8B, Near Kids Joy Play School, Karthikeyapuram
 2Nd Street , Chennai, Madipakkam, Chennai, Tamil Nadu, 600091",flat,landparcel
"Re Sy No 264/5, 264/6, 275/8, Uliyazhathura Village, Trivandrum Taluk, Thiruvananthapuram, Kerala,
  India, 
  695587",houseorplot,others
Property No 10 Dlf City Phase 1 Block-A Road No A 33 Dlfqutab Enclave Complex Dlf City Phase I Gurgaon Haryana Pin Code 122002 Mega Mall,flat,others
"Part Of Land No.-180 & 181, Mauza Dimlauni, Distt. Jhansi-284204. , Pargana & Tehsil Mauranipur, Near Swaraj Tractor Agency",houseorplot,landparcel
Property No 80 Block G Ashok Vihar Phase I New Delhi 110052,flat,others
348 Patna Ward No 24 Mauza Bairiya Thana Gaurichak Patna,houseorplot,others
Booth No 27 B Block 0 Ranjit Avenue Nr Lic Office,commercial unit,houseorplot
"Unit-A-220 Ansal Jkd Pearl Florence Town S No Khasra No. 719, 721/1,732 & Others,Village Manpurteelwala, Tehsil Sanganer Andvillage Ganeshpura And Dablabujurg, Tehsil Fagi Jaipur 302029 Rajasthan",flat,others
"Mouza-Nagpur,Division No.68,Circle No.441/785,Sheet No.29,Cts No.880,Wardno.453 Uni Mangalwari Maharpura,Corporation House No.668,(Junagharno.354) Juni Mangalwari,Gangabai Ghatroad,Near Tathagat Boudhhavihar, Tah. & Dist. Nagpur- 440008.",others,houseorplot
E 449 Bl No 192B Udhna Udhna 994 Bl No 192B Udhna,others,houseorplot
"Property Measuring 119.22 Sq. Yds I.E. 0K-4M Being 1/72 Share Out Of Total Property
 Measuring L 4K-8M Which Is Comprised In Khewat No. 194 (Corresponding No. 172), Khatoni
 No.217 (Corresponding No.200) Kitte-6 Situated At Bhola Colony, Gharaunda Tehsil Gharaunda
 And District Kamal Vide Registered Sale Deed No. 1596/L Dated 21.08.2018 Regd. In The Office Of
 Sub-Registrar, Gharaunda And Mutation No. 24122 Dated 23.08. 201 8 To This Effect Has Been
 Entered And Sanctioned In The Revenue Records",landparcel,houseorplot
"Nanap.S. And P.O.- Basirhat, Ward No.- 17, Under Basirhat Municipality, Dist.- North 24 Pgs., Mouza- Basirhat, J.L No.- 43, Dag No.- 1744, 1678, Khatian No.- 18937, 18939, P.S. And P.O.- Basirhat, Ward No.- 17, Under Basirhat Municipality, Dist.- North 24 Pgs, Pincode- 743422., 1744, 1678, Near Bhabla Petrol Pump, Mouza- Basirhat, J.L No.- 43, Hebia, Bagati, Basirhat - I, North 24 Parganas, West Bengal, 743422",landparcel,houseorplot
"Property No. D-2, Block-D, Noida Sector-52 Sai Baba Mandir",flat,others
Rsy No.197/81 Thrissur Thrissur,landparcel,others
"Unit-3-27D,Floor-27 Ps Sansara Tower-3 S No Premises-1,Acharya Tulsimarg (Salkia School Road)H.M.C. Ward-13,Mouza &P.S.-Golabari, Jl No.1 Howrah 711101 West Bengal",others,flat
"Unit No. R6 G 01 M3M Broadway, Sector-71,Gurugram, Haryana-122004 Ground Floor, Block-6 M3M Corner Walk",commercial unit,flat
H No 265/455 Old Situated At Ahmadpur Nazool H No 505 New Ward N0 24 Kutchery Road,houseorplot,landparcel
"Cmc #457, 5Ht And 6Ht Floor Goldhill Squre Software Park,Bommanahali,Begur Hobli,, Bangalore Rural-932 297",commercial unit,flat
M N 16464 Kilal No 11 111 3114123 124 Lunkaransar Distt Biakner 16464 Killa No 201 Chak 2 Mkm Tehsil Lunkaransar,landparcel,houseorplot
A 1/254 B Keshav Puram Onkar Nagar North West A 1/254 B Keshav Puram Onkar Nagar North West Keshav Puram Onkar Nagar North West Delhi Delhi Delhi 0 A 1/254 B Keshav Puram Onkar Nagar North West Delhi,flat,others
Dag No 3551 5428 Mouza Mahidgadi Rs And Lr Dag 3551 5428 3551 Under Rs Khatian No 1591 663 662 Correspondin Lr Khatian No 2633 1 Kirtipur 1 No Gram Panchayet Ps Barasat North 24 Parganas West Bengal 700128,houseorplot,landparcel
"Gat No 40 To 44, Village Navlakh Umbre Na Jadhavwadi,Tal-Maval Village Navlakh Umbre",houseorplot,landparcel
"Unit-177 Guru Punvaanii Etasha - Los S No 53/2(P),53/3(P),54/1,54/255,56,57,58,Bairegowdanahallivillage, Dasanapura Hobli Bengaluru 562123 Karnataka",flat,others
123 Vikaspuri Krishi Apartment West Delhi,others,flat
"Property Address- Sb-99 B Block Shastri Nagar ,Ghaziabad,Uttar Pradesh - 201002",houseorplot,flat
"1/119,South Street,Kulasekarapuram,Agasteswaram,Kanyakumari-629404",houseorplot,others
"Residential Property On Patta No.19 On Dt.05.10.2023 In Araji No.118 At Village - P.S. - Asind,Dist. - Bhilwara 311301 Sangani, G.P. - Borela Near Hanuman Mandir",houseorplot,landparcel
"All Part And Parcel Of Non-Agriculture Immovable Property Of Dhrangadhra City Survey No. 3435/8 Land Admeasuring 135.00 Sq. Mtrs. Bearing Dhrangadhra City Survey No. 3435/8 Of City Survey Ward No. 2, Situated At Area Known As Dholidhar, At. Dhrangadhra, Tal. Dhrangadhra, Dist. Surendranagar, 363310",landparcel,houseorplot
Patta Serial No 809 Shah Ji Ka Bas Alwar 301001 Opposite Military Hospital Opp Military Hospital,others,landparcel
"Unit-179,Floor-Eighth Zirakpur Bazaar S No 242//719/35/2Chandigarh-Ambala Highway,Village Bhabat S.A.S Nagar 160003 Punjab",others,flat
"Nananaaraji No.- 3371/2054 New Araji No.- 3600/2054, Gram- Keriya, Gp- Keriya, Ps- Mandal, Distt.- Bhilwara Raj, 3371/2054, Keriya, Bhilwara, Keriya, Mandal, Bhilwara, Rajasthan, 311026",landparcel,houseorplot
302 Third B Sai Dwarika Yewalewadi Yewalewadi Pune Pune Maharashtra 411048,flat,others
"Residential Patta No. 30 , Book No. 106
 At Gram- Charachha , Gram Panchayat- Anoppura , Teh. Begun, Distt.
 Chittorgarh (Raj.)
 Sub- Registrar- Begun , Distt. Chittorgarh (Raj.)",others,landparcel
"Unit-Grph1421 Godrej Reserve - Ph1 S No 11To21,22/1-6,23,24/1-224/4,25/1-7,26/1-2,30/2-3,31/131/4,316-7,33-35&Otherlakshmipura Vlg,Devanahalli Tq Bengaluru Rural 562110 Karnataka",flat,others
Arazi No. 556 Mauza-Godhana Situated At Mauza Chandauli,houseorplot,landparcel
"Khata No 62 16 Thana No 252 Araji Barwa Bihar Araji Barwa Siwan Siwan 0 Mauza Kismat Barwan, P.S. Raghunathpur, Thana No 252, Tauzi No. 4747, 49, Khata No. 62, Survey Plot No. 291, Khata No. 16, Survey No. 290, Dist Siwan Siwan",landparcel,houseorplot
"A 305, Solitaire Sky, Near Pushkar Hill, Odhav Industrial Estate, Odhav, Ahmedabad, Gujarat,
  India, 
  382415",flat,others
"All That Pieces And Parcels Of Immovable Property Having Village: Jethipura, Grampanchayat Jethipura Aakarni Milkat No. 362 Area Admeasuring. 600 Sq. Ft. Of Bearing Of Situated At Village Jethipura Under The Limits Of Jethipura Gram Panchayat Ta. Idar Dist. Sabarkantha",landparcel,houseorplot
"Unit Number A4-407, 4, Jb Valley, Jb Villa, Plot No.221 (Sabak) Hall Plot No.-8552 And 8552/9238 Khata No.221 And 1988/1516 Mouza-Ghatikia, 221(Sabak), 8552 And 8552/9238, Ghatikia, Ghatikia, Bhubaneswar, Ghatikia, Ghatikia , Bhubaneswar (M.Corp.), Khordha, Odisha, 751003",flat,houseorplot
Gharabadi 1 Na Na 263Motiganj Opposite Hanuman Mandir Gadgadia Chowk Motiganj Opposite Hanuman Mandir Haripur Baleshwar Sadar Balasore Balasore Odisha 756003,houseorplot,others
"Survey No. 7, Hissa No. 4, Area Admeasuring 00H 04.06R, At. Marunji, Tal.- Mulshi Dist.- Pune 411057",landparcel,houseorplot
E 923 Ganesh Glory 11 Jagatpur Rd Near Bsn Off Sg Road Off Sg Road 0 Ganesh Glory 11 Off Sg Road,flat,others
"Plot 2.55 Ares,S No 2524 Resy.40 Blk 9,House U/C,Villagevattiyoorkavu,Talukathiruvananthapuram,Districtthiruvananthapuram Thiruvananthapuram 676305 Kerala",landparcel,houseorplot
"Godown No 692, Amlgamated Plot/ S No 855,Cs Sheet No 408 Kiran Estate, Khamdhrol Road,Nr Vijay Food Namkin Majevadi",commercial unit,houseorplot
"Gata No-92 Min Situated At Vill- Navipur, Pargana- Miranpur, Tehsil- Sadar, Distt. - Sultanpur Pin Code- 228118",houseorplot,landparcel
"H No 7-138,Sy No 259/A Under Gajwel Pragnapur Municipality,Pedeched Road Gajwel Village And Mandal,Siddipet District,Tg,Near Old Post Office And Gmr Junior College Gajwel,Gajwel,Telangana,502278",houseorplot,landparcel
"Resy No.486/21, Block 4, Cheranelloor Village, Kanayannur Taluk, Ernakulam, Kerala,
  India, 
  682034",others,houseorplot
"Pid No.150600102100200650 Gp No21/58 Villege Wadgaon D Aurad B Bidar , Wadgaon D Aurad B Bidar , , 
 Rural , Bidar , Karnataka , India - 585421",others,houseorplot
601 6Th Floor Gala Residency Plot No 48 Old Cts No 23A 35 23A 38 234 39 23A 40 23 A 41 And 23A 42 And New Non 23A 35A And 23 A 35B And Survey No 153 H Pahadi Village N H Bapu Road Opp Post Office Lane Malad East Mumbai Maharashtra Mumbai Maharashtra 400097,flat,commercial unit
"Land Extent 8.81Ares,S No Resyno 195/16A/7/3/3,195/16A/6/3/3Village Pattanakkad,Talukacherthala,District Alappuzhahouse 9/253/A Alappuzha 688531 Kerala",landparcel,houseorplot
"40 448 Subhadra Palace Subhadra Palace 68/485,529/821,176/4503Near Bomikhal Bhubaneswar Khordha Bhubaneswar Odisha 751010",flat,others
"S No 47, Plot No 157/158, 159/5, Gaurinandan Residency, Row Bunglow No 5, Sainagar Tapovan Road, Burhanagar, Ahmed Nagar, Maharashtra,
  India, 
  414003",flat,houseorplot
"S No 16, Plot No 22, Block No 43, Ts No 69/22, Radians Jasmine Court, Britto Colony, Tallakulam Village, Madurai, Tamil Nadu,
  India, 
  625002",flat,houseorplot
"Unit-725/A-714/2 Adarsh Co Op Ho Soc Csno-5684, Ward No 7Pno - 798/798-A/799Nr Gopal Lal Havelivijayrajnagarbhavnagar Bhavnagar 364005 Gujarat",flat,others
"Na, Nanapremises No- 128A/3/1 , Moulana Abdul Kalam Aazad Sarani (As Per Sanction Plan & Tsr), P.S. - Phoolbagan, Under Kmc, Ward No- 30 , Dist.- South 24 Parganas , Kolkata- 700054., Na, Near Gurudas Banerjee Halt Station , 0, Calcutta, Phoolbagan, Kolkata, North 24 Parganas, West Bengal, 700054",houseorplot,others
"750/14, Diwanji Wadi, Ward No-220, City Survey No-793, 441/429, Diwanji Wadi, Rustampuara",others,landparcel
"1, Chahal Complex, Near Taranwala Pull, G.T. Road, Amritsar",commercial unit,others
2B2 2 Cypress Oak Kent Oakvilla Naoff Vazhakkala Deshmukku Road Na Bharathamatha College Thrikkakara Kanayannur Ernakulam Ernakulam Kerala 682021,houseorplot,others
602 116 Santa Clara Aparna Cyber Life Near Citizens Hospital Nallagandla Ranga Reddy Hyderabad Telangana 500019,flat,others
"2Nd Floor South East Side Rs No 83 Touzi No 346 2 Parnasree Ward No 130 Premises No 196, Ramakrishna Sarani Kolkata",houseorplot,flat
"Address:D, 1, Suraj Apartment , Na, Comprised In Paimash No 512 And 513, Old Survey No.178/8A,1A,1A,1A,1C
 As Per Old Patta No.494, Survey No.178/79, As Per Current Patta No.12338, Survey No.178/79A2 Of Madipakkam
 Village, Sholinganallur Taluk, Kancheepuram District. , 8A And 8B, Near Kids Joy Play School, Karthikeyapuram
 2Nd Street , Chennai, Madipakkam, Chennai, Tamil Nadu, 600091",flat,landparcel
"Unit-06 Northview Bungalows Plot 302/1,S No 755/2,Block934/1,Opp.Nandanvan Bunglowsb/H. Vrundawan Residencymoje:Kalol Ta:Kaloldist:Gandhinagar Kalol 382721 Gujarat",houseorplot,flat
"Land Extent 0.0202 Hectares,Sno 143/4 Re Sy 316/56 Blk 19Door 8/881,Village Pirayiritaluka Palakkad,Districtpalakkad Palakkad 678004 Kerala",houseorplot,landparcel
"Unit-M-82-4,Floor-04 M3M Soulitude Phase 2 S No Rect No-60//Killa No-1/12/1,Sector 89,Village Hayatpur Gurgaon 122001 Haryana",others,flat
"Power House Colony,Godhavarikhani Ramagundam",others,houseorplot
"Land Area Measuring 126.79 Sq. Yards. I.E. 106.04 Sq. Mtrs. Out Of Khasra No. 6477, Situated In The Area Of Village Kairana, In Nagar Palika Kairana Tehsil & District Mujaffar Nagar Shamli",landparcel,houseorplot
Prop No 158 Shalimar Bagh Block Bq Jindal Dharamshala,houseorplot,others
"Industrial Structure Ground Floor+1St Floor ,Plot No.11, Aliyali, Palghar ,Thane,Maharashtra
 -401404",others,houseorplot
"Milkat No. 27,, Moje: Palanpur,, Tal: Halol, Dist: Panchmahal- 389360., Panch Mahals, Panchmahals, Gujarat, India, 389360",others,houseorplot
"Property Situated At Gat No. 918, Town- Kemari , District- Rampur , Uttar Pradesh- 244921 Mohalla-Imambada , Tehsil- Bilaspur , Near Imambade Wali Masjid",houseorplot,landparcel
"R.S.No : 762,R S No: 763/3,Rs No : 76814Villupatti Vilpatti Vilpatti ,Dindigul Kodaikanal Dindigul Kodaikanal Tamil Nadu 624101",landparcel,houseorplot
Opp Street Grain Market Moga Road Street Gate No 265 Street No. 974,others,commercial unit
"Row House,85/3, Shree Shakti Co Opp Housing Society Ltd,Street No 20 Nr Sardar Patel Vidhyalal,Santkabir Road,Rajkot,Rajkot,Rajkot,Gujarat,360003",flat,houseorplot
1004 10 Anandam A Anandam A D Mart 150 Feet Road Bhayandar West Thane Thane Thane Maharashtra 401101,flat,others
407 A-407 407 Galaxy Opal 4 Galaxy Opal Rto Road Ahmedabad,flat,others
R.E.C.P Street Khasra No. 01 Patta No. 715 Ward No.22 Near Ganesh Mander Partapur Partapur (Ct) Banswara Rajasthan Banswara 327022,houseorplot,landparcel
"1/753/B,68/1B,Rayakottah,Rayakottai Village,Thenkanikottai Taluk, Krishnagiri,Kurkulkuttai Muniswaran Temple,Denkanikottai,Tamil Nadu,635116",houseorplot,others
"Unit Number 18F, 18, Block B, Merlin Avana, 260 Motilal Gupta Road, Ps- Haridevpur, Kolkata - 700008, Na, Na, 260 Motilal Gupta Road, Calcutta, Haridevpur, Kolkata, West Bengal, 700008",flat,others
"Unit-879 Signature Lake City S No 7//15/1,8//10/2,,Sector116,Village Chapar Chiri Kalankharar S.A.S Nagar 160062 Punjab",flat,others
"Plot No 195, Sy No 74/12 Three Moorthy Weaker Section Co-Operative Housing Society Limited East Marredpally, Secunderabad, Hyderabad, Telangana,
  India, 
  500026",flat,houseorplot
"Property No.4-503-20 Kaveri Lodge Road, Ward No.3 Assessment No.1502/1, 1516/1, 1432/1 Near",houseorplot,others
"Unit-M-66-3,Floor-03 M3M Soulitude Phase 2 S No Rect No-60//Killa No-1/12/1,Sector 89,Village Hayatpur Gurgaon 122001 Haryana",others,flat
"H.No: 1-69/1, Situated Near Water Tank, Medipally Thanda Vill, Chandur Mdl, Nizamabad Dist. (Pin Code 503206).",houseorplot,landparcel
800Main Road Main Road Byadgi Byadagi Byadgi Haveri Haveri Karnataka 581106,landparcel,others
"413/412/106,8586,4Th Cross Shanthinagar,Shanthinagar,Shivamoggga,Ragigudda Main 
 Road,Shimoga,Karnataka,577201",houseorplot,others
A Plot Of Khasra No. 191 Aa Situated At Mohalla Sher Khan Sarai Tehsil And Distt Sambhal Measuring Area 141.00 Sqr Mtr Bounded As Below,landparcel,houseorplot
D No 1/138 Ennappasandiram Area - Near Himagiri City Layout Hosur Eluvapalli Village Hosur,houseorplot,landparcel
"Shraddha Shri Resimercial, Hall No - 386, Saturna,Gawande Plot Second Floor, Plot No -949,In F.Survey No - 973/270, Near Super 761,",commercial unit,flat
"Unit-21P/Center Jay Mataji Tenament S No 34/1P1/P1,Behind Nexaservice Center, Near Bhuravav,Lunawada Road, Godhra Godhra 389001 Gujarat",flat,others
"Unit-88 Shree Vrundavan Villa S No 106,Old(187),Near Rangcity Residency,Chavaj -Paguthan Road,Bharuch Bharuch 392015 Gujarat",houseorplot,others
Milkat No 26 Nishal Faliyu Na Maypur Road Ground Floor Milkat No.26 Moje-Maypur Na Nr. Dukan Faliyu Maypur Tapi Gujarat Surat 394650,houseorplot,flat
"A-49 & 50, Kh No. 32/2,3,8,9, A-Block East Uttam Nagar Newdelhi Newdelhi 110059",flat,houseorplot
Kh No 573 Vill Randol Teh Behat Distt Sre,landparcel,houseorplot
"Property Situated, At Amc No 318/36, Old 361/49 New Mithu, Gali Lohakhan, Tehsil And District Ajmer, Ajmer, Ajmer, Rajasthan,
  India, 
  305001",others,houseorplot
Building No 3 M G Cross Road No 1 Sai Nagar Kandivali West,others,houseorplot
Property No.1214/F-46 Pid No 1402728558 Ward No 3 Apmc Yard Davangere Property No.1214/F-46 Pid No 1402728558 F Block Apmc Yard Davangere,commercial unit,others
"Plot 2.40 Ares,S No 425/14 Resy.159 Blk 7,House 31/336,337Village Peroorkada,Talukathiruvananthapuram,Districtthiruvananthapuram Thiruvananthapuram 695005 Kerala",landparcel,houseorplot
"H No 1-90,Block-1,Venkatapur Village,Mandal Tekmaal,Dist Meedak,Near Water Tank,Tekmal,Telangana,502302",houseorplot,landparcel
"Pancharatna Hotel , Gat No 523, Tasgaon, Sangli,",commercial unit,houseorplot
452/453Asangi Adityapur Saraikela Kharsawan Jamshedpur Jharkhand 832108,landparcel,others
Property Bearing No 78 Block H Pocket 17 Sector 7 Rohini Delhi 110085,flat,houseorplot
"Commercial Prop No, 772/241-B, Krishna Vihar, Khasra No 947/966, Village Khadoli, Rohta Road Godwin Public School To Bypass, Meerut, Meerut, Uttar Pradesh,
  India, 
  250001",others,houseorplot
Bua Of 20000 Sq Ft On 5Th Floor Wing A In Sunriveralong With Proportionate Undivided Share Of 9877.48 Sq Ftembassy Golf Links Business Park Bengaluru Karnataka,commercial unit,flat
"Mpl No 553 4444 New No 183 3963 817 Situated At Mohalla Rana Pratap Nagar 514 Disttsaharanpur, Uttar Pradesh-247001 Near Shobha Jain Hospital",others,houseorplot
"1, Naward No. 05, Goga Ji Mandir, Th. Rajgarh, Dis. Churu, Rajasthan, 331023, Sale
 Deed Sr No. 202403293102485 Dated :-24/07/2024 On The Name Of Babu Lal S/O Omprakash ,
 Na, Near Vci Collage, Ward No. 05, Churu, Rajgarh, Rajgarh, Churu, Rajasthan, 331023",houseorplot,others
"718, Vaghri Vas, Chandisar, Dholaka, Ahmedabad.",houseorplot,others
"Patta No.10, Book No.409, 17Ml, Bhatta Colony, Riico Udyog Vihar, Gram Panchayat 11 Lnp, Sri Ganganagar, Rajasthan-335002",landparcel,houseorplot
"At Mauza Help Clinic , Mauza Shekhpur, Akharaghat Road, Zero Mile To Akharaghat Road Opposite I.C.I.C.I. Bank, P.O. Shekhpur, P.S. Ahiyapur, Muzaffarpur 842002 Jamabandi No. 626, Khata No. 05, Khesra No. 304 Me, Dist. Muzaffarpur Mauza Shekhpura, P.S. Ahiyapur, Thana No. 668 Near Icici Bank",others,landparcel
All That Piece And Parcel Of The Property Bearing Cts No. 3453 (Old Gat No. 1450) In Middle Part Of Westside Area 39.48 Sq. Mtr. Out Of Area 7535.70 Sq. Mtr. At Amalner Tal. Amalner Dist. Jalgaon,landparcel,houseorplot
3 90 Mandhikulam New Natham Main Road Madurai Madurai Tamil Nadu 625014,others,houseorplot
Khasra No 379 Min Khata No 877Min Khewat No 111 Door No 60081 Stret No 602 Neel Sheel Vihar Ward No 60 Dhok Paloura Jammu Sacred Heart School,houseorplot,landparcel
"Pancharatna Hotel , Gat No 388, Tasgaon, Sangli,",commercial unit,houseorplot
"Khasra No.- 408 , , Dated Issue As On 18-08-2022. Which Is Issued
 By Development Officer Of Udaipurwati ,Niwasi - Giglala Kua , Gram -
 Bagora,Tehsil - Udaipurwati , Distt- Jhunjhunun , Rajasthan , 333307",houseorplot,landparcel
"Tenement-La92 Mhada 64 / 62 L.I.G T/S Datala,Chnp Plot 114,S No 294,295,297,315316,318-322,Datala,Chandrapur Chandrapur 442406 Maharashtra",flat,houseorplot
Plat 1148 Sec 17 Sec 17 Na,houseorplot,others
Unit-321 Bda - Viii Phase J P Nagarbangalore Bengaluru 560078 Karnataka,flat,others
"Unit Number G 1401, 14, Gallium At Brigade Eldorado, Gallium At Brigade Eldorado, Plot No R 8 Hardware Sector Hitech Defence Aerosp Comprised In Survey No 177P Of Bagaluru Jala Hobli Plot No R 8 Hardware Sector Hitech Defence Aerosp Comprised In Survey No 177P Of Bagaluru Jala Hobl, N.A, Prestige Finsburry, N.A, Bangalore, Vaderapura, Bsf Campus Yelahanka, Bangalore North, Bengaluru Urban, Karnataka, 560063",flat,houseorplot
Unit No. 609 Sixth Floor Premises No.19 Burrabazar Synagogue Street City Centre Building,others,flat
645 Vikaspuri Krishi Apartment West Delhi,others,flat
"Property No. B-5-36, Khewat No. 1135, 1205, 927/42, Khatoni No. 1431, 1723 0 1797, Khasra No. 35R/67(1-13), 35//67, Wakea- Mohalla Partap Nagar, Qadian Parampreet Clinic",commercial unit,houseorplot
"Plot,Cf1,Gajanana Apartment,Maruthi Layout,Subramanyapura,Vasanthapura,Bangalore,Bangalore South,Bengaluru Urban,Karnataka,560061",flat,houseorplot
104 Sy No 526 Ssr Signature Gardenia Ssr Signature Gardenia Bangalore East Taluk Bangalore,flat,others
"Unit-105 Saatvik Green Nx Platinum S No 86/1/1, 86/1/2, 96/2. 8896/1,,Village Rahu Khedi Sawertehsil Dist Indore Mp Indore 453551 Madhya Pradesh",flat,others
"Part Of Khasra Number 53,Gram Amarpur,Pargana Dankaur,/,Bihaan Pg House,Gautam Buddha Nagar,Uttar 
 Pradesh,203201",landparcel,houseorplot
"Patta Num 146 , 02 , Aasoda, Patta Num 146 Gram Aasoda , Gram Panchayat Aasoda Tehsil Garhi , Near Village Chouraya , Banswara , Rajasthan , 327022",landparcel,others
"Shraddha Shri Resimercial, Hall No - 391, Saturna,Gawande Plot Second Floor, Plot No -771,In F.Survey No - 311/220, Near Super 707,",commercial unit,flat
Neels City Astral Part-A Raiya 19Saurastra Univarsity Road 0 Univercity Road Rajkot Rajkot Gujarat 360005,others,flat
"All That Part And Parcel Of Property Bearing Tpc No.149/A Bearing Khata No.9103769514 Measuring East-West: 15.24 Mtrs, North-South 6.096 Mtrs, Consisting Of Rcc Building, Situated At Shivanagar, Guttal Village, Haveri., Within The Limits Of Pattan Panchayat, Gutal Offered As Security.",houseorplot,landparcel
Gata No 119 0-01 Gram Husainabad Grint Husainabad Bad Grint Dist Balrampur,landparcel,houseorplot
Plot No 737 0 Vishwakarma Automobile Nagar Commercial Yojna Kota,houseorplot,commercial unit
"Unit-104,Floor-1 The Ocean Spray Plot 179,9Th Main,Nri Layoutkalkere Village, Bengaluru 560043 Karnataka",flat,others
125 Sy No 116 Ssr Signature Gardenia Ssr Signature Gardenia Bangalore East Taluk Bangalore,flat,others
Vrundavan Residency Radha Nagari Miri Road Mauje Shevgaon Tal Shevgaon Dist Ahmednagar 414502,flat,others
Sattva Bhumi 0202Devanahaalli Devanahaalli Devanahalli Bengaluru Urban Bangalore Karnataka 562110,others,flat
"Kh. No. 420/1/1 & 420/1/2, B.No. 526, P.H. No.12, Beside Masjid, Ward No. 40, Tatya Tope Ward, Mauza Loniya Karbal, R.I. Circle Chhindwara -02, Tehsil & Distt. Chhindwara ( M.P. ) 480001",landparcel,houseorplot
"Godown No 277, Amlgamated Plot/ S No 911,Cs Sheet No 617 Kiran Estate, Khamdhrol Road,Nr Vijay Food Namkin Majevadi",commercial unit,houseorplot
"Property Bearing No. 838/850, No.417/389, Assessment Nos. 475/703 And 823/885,, Gantiganahalli Village, Yalahanka Hobli, Yalahanka Taluk, Bangalore, Gantiganahalli Grama Panchayath, Bangalore, Karnataka, India, 560064",others,houseorplot
"Entire Building , Na, Na, Premises No. 194 , Niranjan Pally B Block , Ward No. 113 , P.S - Bansdroni , Kolkata - 700070. , 194, Na, Premises No. 194 , Niranjan Pally B Block , Ward No. 113 , P.S - Bansdroni , Kolkata - 700070. , Calcutta, Bansdroni, Kolkata, West Bengal, 700070",houseorplot,flat
611 437 Anandam A Anandam A D Mart 364 Feet Road Bhayandar West Thane Thane Thane Maharashtra 401101,flat,others
Mauza Nalal Teh Mant Dist Mathura Khasaro No 337 Mauza Nalal Teh Mant Dist Mathura Khasaro No 337,landparcel,houseorplot
Rewa Bhagwati Nagar Phase 2 Mouja Jalalabaad Khasra No. 76/2 Ph No. 17 Ward No. 02 Nearby Vardan Marriage Garden Hoshangabad Hoshangabad Madhya Pradesh Hoshangabad 461001,houseorplot,landparcel
"Makan N. 212 Jiyajigarh, Ward N.13",houseorplot,others
"Nagar Palika No 16-2/512, Village Chamari, Tehsil Hapur, Near Mata Wali Gali, Ghaziabad, Uttar Pradesh, 245101",others,landparcel
"Plot-29,Unit-29 Bhoomika Enclave S No 81/7 ,81/8,Chikkahallivillage , Varuna Hobli ,Mysore Taluk Mysore 570010 Karnataka",houseorplot,others
G-800 Excult Shoppers Nr Siddhi Vinayak Temple Excult Shoppers Surat,commercial unit,others
A2/23 T/F Krishna Nagar Krishna Nagar East Delhi,flat,others
"Unit-341-Sector-2 Indrapuri Colony Kishan Ganj, Gram Santerkhasra No. 85/1,90,91,94/2,95/1,96/1,97,120/1,121,123/1And 124/1Mhow-Indore Road Mhow Cantt 453441 Madhya Pradesh",flat,others
"Row House,Plot No B 2, Shree Jalabapanagar Co Op Housing Society Ltd Nr Ankur Society Kaladarshan Waghodia Road ,Nr Ankur Society,Vadodara,Vadodara,Gujarat,390019",flat,houseorplot
"Residential Property On Patta No.52 Kalan, Tehsil :- Bhinaydist :- Ajmer [Now Dist.:-Kekri] 305629 , Book No.27 On Dt.22.02.2003 At Village - Deolia Near Thkurji Mandir",houseorplot,landparcel
"304/714, Diwanji Wadi, Ward No-33, City Survey No-315, 563/502, Diwanji Wadi, Rustampuara",others,landparcel
6-8-254 Kameswararao Colony Ravindra Nagar Nalgonda Telangana,houseorplot,others
"Nananapatta No. 47, Missal No. 01/2024-25, Book No. 58, Village - Araba Dudawatan, Gram Panchayat - Araba Dudawatan, Panchayat Samiti - Kalyanpur, Dist. - Barmer, -, Araba, Patta No.- 47, Gram Panchayat Araba Dudawatan, Panchayat Samiti Kalyanpura, , Balotra, Araba, Barmer, Rajasthan, 344022",landparcel,houseorplot
Na H No 727 Sector 22 A Chandigarh 727Na Sector 22 A Chandigarh Chandigarh Chandigarh Chandigarh Chandigarh 160022,houseorplot,others
"Address:Nakns Ethos, Site No. (07 And 33)/A, Kns Ethos Layout, Sy No. 76,77 Mysuru Village, Kasaba Hobli,
 Mysuru Taluk And District., Site No. 07 And 33/A, Race Course, Kns Ethos Layout, Mysore, Mysuru Village,
 Kasaba Hobli, Mysuru, Karnataka, 570004",landparcel,houseorplot
"Khasra No. 426, H. No. 5/344, Mauza Nagla Kalar Pargana And Tehsil Koil Aligarh- 202001",houseorplot,landparcel
"Unit-Plot-T31-C,Floor-Second M3M Smartworld Gems S No Rec.No. 778,409,499,705 & 29K. No. 333(160-655), 811/101(9-851),848/869/134(743-803), 172/871/363(516-796),Hayatpur, Sec - 698 Gurgaon 122004 Haryana",others,flat
Jl-90 Touzi-37 Mouza-Dakshin Hazipur Diamond Harbour Ward - 13 Sarat Pally Sarani Kolkata,landparcel,others
H No C-237 Vikas Puri Block-C Near To Aadarsh Public School,houseorplot,landparcel
003 Ground Floor Site No 32 0 Old Hl Katha No 70 Sai Arcade 0 K Channasandra Prop No 49 Kalkere Channasandra Bangalore,houseorplot,flat
"Khassra 1298(65-13),Khewat2063,District Abohar,Villageajimgarh,Street 1,9Thcrossingnew Suraj Nagari Abohar 152116 Punjab",landparcel,houseorplot
